target	rnastartpos	rnaendpos	required_edits	cigar
BARD1_X1A	214809476	214809584	214809582C,214809540G,214809486G	48S187M
BARD1_X1B				
BARD1_X2	214797066	214797113	214797093G,214797090G	102S58M84S
BARD1_X3A	214792354	214792442	214792394G,214792358G	59S149M25S
BARD1_X3B	214792302	214792400	214792358G	57S145M31S
BARD1_X4A	214781431	214781511	214781489G,214781487G	73S133M26S
BARD1_X4B	214781334	214781448	214781424G,214781421G,214781379C	204M28S
BARD1_X4C				
BARD1_X4D	214781202	214781326	214781294G,214781292G,214781217G,214781214C	210M28S
BARD1_X4E	214781087	214781206	214781157G,214781124C	50S195M
BARD1_X4F	214781012	214781131	214781124C,214781030G,214781028G	190M55S
BARD1_X4G	214780906	214781020	214780994G,214780992G,214780914G,214780911C	19S201M
BARD1_X4H	214780857	214780958	214780911C,214780914G,214780887C	175M45S
BARD1_X4I				
BARD1_X4J				
BARD1_X4K	214780627	214780740	214780722C,214780661G,214780659G	46S186M
BARD1_X4L	214780564	214780646	214780620C,214780617G,214780599G,214780596G	24S133M75S
BARD1_X5A	214769267	214769309	214769295C,214769298G	34S83M86S
BARD1_X5B	214769237	214769286	214769247C,214769250G	34S83M86S
BARD1_X6A	214767579	214767650	214767619G,214767607C	65S150M29S
BARD1_X6B	214767507	214767615	214767607C,214767544C	41S174M29S
BARD1_X6C	214767487	214767549	214767544C,214767505C	41S140M63S
BARD1_X7A	214752489	214752550	214752528G,214752531C	44S109M41S
BARD1_X7B	214752452	214752491	214752468C	44S91M59S
BARD1_X8A	214745778	214745849	214745804G	42S133M31S
BARD1_X8B	214745727	214745791	214745759G,214745756C	42S114M50S
BARD1_X9A				
BARD1_X9B				
BARD1_X10A				
BARD1_X10B				
BARD1_X11A	214728899	214729004	214728964C	70S151M24S
BARD1_X11B	214728818	214728917	214728889C,214728862C	173M72S
BARD1_X11C	214728716	214728834	214728832C,214728757G	22S202M
BARD1_X11D	214728644	214728735	214728703C	146M78S
