target	chrom	editstart	editstop	ampstart	ampstop	required_edits	cigar	skip_pos
NBN_X1	chr8	89984500	89984611	89984450	89984699	89984611T,89984544A,89984541A	250M	
NBN_X2A	chr8	89982787	89982909	89982742	89982989	89982839G,89982836T,89982815G,89982812G	248M	89982791
NBN_X2B	chr8	89982696	89982819	89982643	89982860	89982797C,89982761G,89982758G	218M	89982791
NBN_X3A	chr8	89981439	89981556	89981368	89981612	89981500G,89981497T,89981458G,89981461G	245M	
NBN_X3B	chr8	89981337	89981453	89981281	89981528	89981419T,89981422T,89981337C	248M	
NBN_X4A	chr8	89980816	89980936	89980778	89981026	89980878C,89980881T,89980848A,89980851G	249M	
NBN_X4B	chr8	89980731	89980822	89980620	89980869	89980764G,89980761C,89980731C	250M	
NBN_X5A	chr8	89978273	89978394	89978219	89978451	89978394C,89978291G,89978288C	233M	89978251
NBN_X5B	chr8	89978157	89978280	89978110	89978322	89978258C,89978255C,89978157A	213M	
NBN_X6A	chr8	89971218	89971336	89971162	89971389	89971336C,89971230G	228M	
NBN_X6B	chr8	89971148	89971262	89971089	89971293	89971203G,89971230G	205M	
NBN_X7A	chr8	89970481	89970605	89970436	89970685	89970605C,89970519G	250M	
NBN_X7B	chr8	89970409	89970523	89970358	89970571	89970519G,89970459C,89970456T	214M	
NBN_X7C	chr8	89970302	89970419	89970222	89970466	89970302C,89970369A,89970366C	245M	
NBN_X8A	chr8	89964441	89964565	89964400	89964619	89964565T,89964465G	220M	
NBN_X8B	chr8	89964328	89964452	89964244	89964496	89964432G,89964429G,89964328T	253M	
NBN_X9A	chr8	89958754	89958872	89958706	89958919	89958872C,89958784A,89958781A	214M	
NBN_X9B	chr8	89958666	89958783	89958608	89958848	89958775T,89958772A,89958666G	241M	89958634,89958707
NBN_X10A	chr8	89955465	89955575	89955400	89955642	89955534C,89955531C,89955474G,89955471C	243M	
NBN_X10B	chr8	89955384	89955503	89955309	89955556	89955474G,89955471C,89955384C	248M	89955483
NBN_X10C	chr8	89955274	89955388	89955197	89955436	89955378G,89955375C,89955318C	240M	
NBN_X11A	chr8	89953601	89953717	89953531	89953780	89953704T,89953701T,89953601T	250M	
NBN_X11B	chr8	89953498	89953617	89953419	89953664	89953589T,89953592C,89953547G	246M	
NBN_X11C	chr8	89953397	89953521	89953366	89953578	89953481C,89953406C,89953403C	213M	
NBN_X11D	chr8	89953291	89953409	89953261	89953473	89953406C,89953403C,89953370T,89953367C	213M	
NBN_X11E	chr8	89953210	89953331	89953133	89953382	89953331G,89953259C,89953256G	250M	
NBN_X12	chr8	89947800	89947914	89947755	89947962	89947914C,89947863C,89947860A	208M	
NBN_X13A	chr8	89946210	89946304	89946135	89946375	89946224G	241M	89946302
NBN_X13B	chr8	89946116	89946235	89946069	89946281	89946197G,89946194C,89946116C	213M	
NBN_X14A	chr8	89943322	89943447	89943270	89943518	89943447C,89943334A,89943331A	249M	89943396
NBN_X14B	chr8	89943227	89943347	89943177	89943419	89943334A,89943331A,89943277C,89943274T	243M	89943396
NBN_X15	chr8	89937019	89937134	89936931	89937181	89937134C,89937043G,89937040G	251M	
NBN_X16	chr8	89935571	89935684	89935525	89935759	89935600G,89935597C	235M	
